Datetime,Water Level (m)
2025-08-10 18:00:00,5.0075665e-05
2025-08-10 19:00:00,4.73901e-05
2025-08-10 20:00:00,6.889802e-05
2025-08-10 21:00:00,8.000594e-05
2025-08-10 22:00:00,0.00010868461
2025-08-10 23:00:00,0.000109007946
2025-08-11 00:00:00,0.00011279302
2025-08-11 01:00:00,0.00013905845
2025-08-11 02:00:00,0.00021236029
2025-08-11 03:00:00,0.00021535593
2025-08-11 04:00:00,0.00022242087
2025-08-11 05:00:00,0.00020617782
2025-08-11 06:00:00,0.0001948916
2025-08-11 07:00:00,0.0002441605
2025-08-11 08:00:00,0.00024430247
2025-08-11 09:00:00,0.00025302905
2025-08-11 10:00:00,0.000263165
2025-08-11 11:00:00,0.00021122966
2025-08-11 12:00:00,0.00018502658
2025-08-11 13:00:00,0.00016124379
2025-08-11 14:00:00,0.00015563457
2025-08-11 15:00:00,0.00012372386
2025-08-11 16:00:00,9.654142e-05
2025-08-11 17:00:00,6.975007e-05
2025-08-11 18:00:00,7.51092e-05
2025-08-11 19:00:00,7.591223e-05
2025-08-11 20:00:00,8.2008904e-05
2025-08-11 21:00:00,9.320271e-05
2025-08-11 22:00:00,0.0001194489
2025-08-11 23:00:00,0.00011941489
2025-08-12 00:00:00,9.397733e-05
2025-08-12 01:00:00,8.651626e-05
2025-08-12 02:00:00,7.492354e-05
2025-08-12 03:00:00,6.740252e-05
2025-08-12 04:00:00,4.5521774e-05
2025-08-12 05:00:00,2.2401655e-05
2025-08-12 06:00:00,4.3597633e-05
2025-08-12 07:00:00,9.491253e-05
2025-08-12 08:00:00,0.00016928505
2025-08-12 09:00:00,0.00016787043
2025-08-12 10:00:00,-0.008594166
2025-08-12 11:00:00,-0.021169728
2025-08-12 12:00:00,-0.021972122
2025-08-12 13:00:00,-0.022016788
2025-08-12 14:00:00,-0.022033721
2025-08-12 15:00:00,-0.022074135
2025-08-12 16:00:00,-0.02207983
2025-08-12 17:00:00,-0.022117056
2025-08-12 18:00:00,-0.022118771
2025-08-12 19:00:00,-0.022105793
2025-08-12 20:00:00,-0.02209323
2025-08-12 21:00:00,-0.022088334
2025-08-12 22:00:00,-0.022056304
2025-08-12 23:00:00,-0.02205229
2025-08-13 00:00:00,-0.022086058
2025-08-13 01:00:00,-0.022072894
2025-08-13 02:00:00,-0.022099335
2025-08-13 03:00:00,-0.022122892
2025-08-13 04:00:00,-0.022116987
2025-08-13 05:00:00,-0.022170855
2025-08-13 06:00:00,-0.022205735
2025-08-13 07:00:00,-0.022173163
2025-08-13 08:00:00,-0.022160966
2025-08-13 09:00:00,-0.02219541
2025-08-13 10:00:00,-0.022187827
2025-08-13 11:00:00,-0.029265517
2025-08-13 12:00:00,-0.031226916
2025-08-13 13:00:00,-0.031283934
2025-08-13 14:00:00,-0.031285357
2025-08-13 15:00:00,-0.031281926
2025-08-13 16:00:00,-0.03130452
2025-08-13 17:00:00,-0.031329647
2025-08-13 18:00:00,-0.031344518
2025-08-13 19:00:00,-0.031372383
2025-08-13 20:00:00,-0.031380497
2025-08-13 21:00:00,-0.03138294
2025-08-13 22:00:00,-0.03134978
2025-08-13 23:00:00,-0.03132857
2025-08-14 00:00:00,-0.031352866
2025-08-14 01:00:00,-0.03145277
2025-08-14 02:00:00,-0.031515647
2025-08-14 03:00:00,-0.031553134
2025-08-14 04:00:00,-0.031576708
2025-08-14 05:00:00,-0.03144914
2025-08-14 06:00:00,-0.031360332
2025-08-14 07:00:00,-0.031315297
2025-08-14 08:00:00,-0.031243825
2025-08-14 09:00:00,-0.031237844
2025-08-14 10:00:00,-0.031238098
2025-08-14 11:00:00,-0.032174755
2025-08-14 12:00:00,-0.031119123
2025-08-14 13:00:00,-0.031641044
2025-08-14 14:00:00,-0.031662986
2025-08-14 15:00:00,-0.031661976
2025-08-14 16:00:00,-0.03167299
2025-08-14 17:00:00,-0.031679172
2025-08-14 18:00:00,-0.028961927
2025-08-14 19:00:00,-0.028609436
2025-08-14 20:00:00,-0.028593047
2025-08-14 21:00:00,-0.028614204
2025-08-14 22:00:00,-0.028602535
2025-08-14 23:00:00,-0.028563771
2025-08-15 00:00:00,-0.029812131
2025-08-15 01:00:00,-0.03100442
2025-08-15 02:00:00,-0.031037122
2025-08-15 03:00:00,-0.031038055
2025-08-15 04:00:00,-0.031065386
2025-08-15 05:00:00,-0.031089947
2025-08-15 06:00:00,-0.031101398
2025-08-15 07:00:00,-0.03110059
2025-08-15 08:00:00,-0.031059463
2025-08-15 09:00:00,-0.031048983
2025-08-15 10:00:00,-0.031063879
2025-08-15 11:00:00,-0.031029051
2025-08-15 12:00:00,-0.03098513
2025-08-15 13:00:00,-0.031020416
2025-08-15 14:00:00,-0.031050652
2025-08-15 15:00:00,-0.031078028
2025-08-15 16:00:00,-0.03110328
2025-08-15 17:00:00,-0.031122424
2025-08-15 18:00:00,-0.031162232
2025-08-15 19:00:00,-0.031158412
2025-08-15 20:00:00,-0.031163055
2025-08-15 21:00:00,-0.031176055
2025-08-15 22:00:00,-0.031160558
2025-08-15 23:00:00,-0.031129805
2025-08-16 00:00:00,-0.031140665
2025-08-16 01:00:00,-0.031127427
2025-08-16 02:00:00,-0.031097542
2025-08-16 03:00:00,-0.031146275
2025-08-16 04:00:00,-0.031160105
2025-08-16 05:00:00,-0.0312051
2025-08-16 06:00:00,-0.031238267
2025-08-16 07:00:00,-0.03120376
2025-08-16 08:00:00,-0.031239215
2025-08-16 09:00:00,-0.031222617
2025-08-16 10:00:00,-0.0311859
2025-08-16 11:00:00,-0.031152666
2025-08-16 12:00:00,-0.03110005
2025-08-16 13:00:00,-0.03108676
2025-08-16 14:00:00,-0.031084258
2025-08-16 15:00:00,-0.03108428
2025-08-16 16:00:00,-0.031111589
2025-08-16 17:00:00,-0.03112062
2025-08-16 18:00:00,-0.031142857
